{"stats":{"minecraft:picked_up":{"minecraft:spruce_sapling":2,"minecraft:spruce_log":7},"minecraft:mined":{"minecraft:spruce_leaves":3,"minecraft:spruce_log":7},"minecraft:used":{"minecraft:spruce_sapling":1},"minecraft:custom":{"minecraft:jump":105,"minecraft:time_since_rest":59492,"minecraft:walk_one_cm":21909,"minecraft:leave_game":5,"minecraft:sprint_one_cm":26288,"minecraft:crouch_one_cm":175,"minecraft:time_since_death":59492,"minecraft:play_time":59492,"minecraft:walk_on_water_one_cm":768,"minecraft:sneak_time":55,"minecraft:total_world_time":59492,"minecraft:walk_under_water_one_cm":453,"minecraft:fall_one_cm":476,"minecraft:fly_one_cm":8164}},"DataVersion":3953}